,title,link,image
0,Order Orła Białego odebrany Zełenskiemu. Karol Nawrocki podjął decyzję,https://wiadomosci.onet.pl/kraj/karol-nawrocki-zdecydowal-chodzi-o-odebranie-orderu-wolodymyrowi-zelenskiemu/lw34008,https://img.onet.pl/1/_06k9lBaHR0cHM6Ly9vY2RuLmV1L3B1bHNjbXMvTURBXy9hNmJlMGM2ZWM4MWY1NWQ0NTZhZjE5NjJiZDU4NmZjYi5qcGeTlQMAAM0HgM0EOJMFzQTYzQI0lQfZMi9wdWxzY21zL01EQV8vMjc0YzFkNjQ2NzA4MmMzZTZkZmU5ZDA5ZjRhNmRmNmIucG5nAMIA3gACoTAHoTEE
1,Śledczy z Krakowa przecierali oczy. Takiego oszustwa nie widzieli,"https://www.onet.pl/informacje/glos24/sledczy-z-krakowa-przecierali-oczy-takiego-oszustwa-jeszcze-nie-widzieli/m9g64tt,30bc1058",https://img.onet.pl/1/-GAk9lGaHR0cHM6Ly9vY2RuLmV1L3B1bHNjbXMvTURBXy9mNWFkYTBlMS01YmEzLTRkOWUtYWIwYi0wMWQwY2YyMGI4YzUuanBlZ5GTBc0CWM0BUN4AAqEwB6ExBA
2,Potężny układ burzowy nad Polską. Przed nami niebezpieczne wieczór i noc,https://wiadomosci.onet.pl/pogoda/superkomorki-burzowe-suna-przez-polske-rcb-wysyla-alerty-relacja-na-zywo/gh2ttbv,https://img.onet.pl/1/AiZk9lBaHR0cHM6Ly9vY2RuLmV1L3B1bHNjbXMvTURBXy8wNjdmMTczYWYyYmE1ZjgzOWM0NWU1YmRlYWExMjc2Mi5wbmeRkwXNAljNAVDeAAKhMAehMQQ
3,Rośnie skala porażki Donalda Trumpa. Świat słono za to zapłaci,https://wiadomosci.onet.pl/swiat/gorzka-porazka-trumpa-swiat-slono-za-to-zaplaci-wykresy/84nrn0w,https://img.onet.pl/1/bSak9lBaHR0cHM6Ly9vY2RuLmV1L3B1bHNjbXMvTURBXy82YWQxMjM0ZWZlZWQ4MjJlNmEzZjM2YTcwODcwN2U0Yy5qcGeRkwXNAljNAVDeAAKhMAehMQQ
4,O tym wypadku mówiła cała Polska. Łodzią sterował miliarder. Nowe fakty,https://wiadomosci.onet.pl/tylko-w-onecie/o-tym-wypadku-mowila-cala-polska-lodzia-sterowal-miliarder-ze-szczecina-ujawniamy/vnnkwxn,https://img.onet.pl/1/7n9k9lBaHR0cHM6Ly9vY2RuLmV1L3B1bHNjbXMvTURBXy84NmU3ZGFkMDBmYzE2MTg5ZDlmNmUzNDcwMWQ3MTFiOS5wbmeRkwXNAljNAVDeAAKhMAehMQQ
5,"""Kierunek Bałtyk 2026"". To już ostatnie dni głosowania. Tak wygląda podium","https://www.onet.pl/turystyka/onetpodroze/kierunek-baltyk-2026-to-juz-ostatnie-dni-glosowania-tak-wyglada-podium/285e3p1,07640b54",https://img.onet.pl/1/wNBk9lBaHR0cHM6Ly9vY2RuLmV1L3B1bHNjbXMvTURBXy8zYTAwM2I2ZDg2YjVlNTU4ZDIzMDY4ZjRhNjhjMmMyOC5qcGeRkwXMvnbeAAKhMAehMQQ
6,Przełom w sprawie relacji Ukraina-Polska? Tusk: Zełenski mówił wprost,https://wiadomosci.onet.pl/kraj/donald-tusk-rozmawial-z-wolodymyrem-zelenskim-zdradzil-szczegoly/wybshcb,https://img.onet.pl/1/95Ak9lBaHR0cHM6Ly9vY2RuLmV1L3B1bHNjbXMvTURBXy83YzJkNmYwNTExZTVjY2RlMTA5MTBlNzU4NmQzNDI0My5wbmeRkwXMvnbeAAKhMAehMQQ
7,Nadciąga koniec brexitu? Europa szykuje się na polityczne tornado [OPINIA],https://wiadomosci.onet.pl/swiat/powrot-londynu-do-ue-moglby-zwalic-zachod-z-nog-jazda-bez-trzymanki/rqjrf3z,https://img.onet.pl/1/ynmk9lBaHR0cHM6Ly9vY2RuLmV1L3B1bHNjbXMvTURBXy8yNDhlMTg3ZDRmZWI0NjFlM2QxYzIxNjRlYWNhNWQxMi5qcGeRkwXMvnbeAAKhMAehMQQ
8,Afera z lekarzem milionerem. Trzaskowski miał wiedzieć od roku,https://wiadomosci.onet.pl/warszawa/rafal-trzaskowski-wiedzial-o-aferze-w-szpitalu-poludniowym-sa-nowe-ustalenia/fsknf55,https://img.onet.pl/1/xTjk9lGaHR0cHM6Ly9vY2RuLmV1L3B1bHNjbXMvTURBXy80NTIwZDc0NS0wNDZjLTRiYTktOWQ0Mi0zNzlkY2FjYWVmZmUuanBlZ5KVAwDM680YMM0NpZMFzL523gACoTAHoTEE
9,"Koniec ""Psa"" w PiS. Aż trudno uwierzyć, jak Kaczyński o nim mówi","https://www.onet.pl/informacje/newsweek/koniec-psa-w-pis-jaroslaw-kaczynski-nazwal-go-wielka-kanalia/0nrx373,452ad802",https://img.onet.pl/1/VzSk9lGaHR0cHM6Ly9vY2RuLmV1L3B1bHNjbXMvTURBXy8wNTAwZDk2YS1kYTMxLTRmZTAtOTIwYS1iNmYwN2ZiODU3NjkuanBlZ5KVAwAAzQRdzQJ2kwXMvnbeAAKhMAehMQQ
10,Kolizja w Warszawie. W aucie TV Republika byli poseł PiS i dziennikarz,"https://www.onet.pl/informacje/miejski-reporter/kolizja-w-warszawie-w-aucie-tv-republika-byli-posel-pis-i-dziennikarz/q2b0x3t,0666d3f1",https://img.onet.pl/1/AiHk9lGaHR0cHM6Ly9vY2RuLmV1L3B1bHNjbXMvTURBXy83ZjZlM2E3ZS04ZGIzLTRkNzItOGUwNS1hMjBlNjVhNTY1OTQuanBlZ5GTBcy-dt4AAqEwB6ExBA
11,"TYLKO W ONECIE Małecki: apeluję do pana posła, przestańcie wyrzygiwać się na obywateli","https://www.onet.pl/styl-zycia/plejada/grzegorz-malecki-jest-w-spektrum-autyzmu-i-ma-adhd-jestem-wsciekly-na-psychiatre/qfy0jgv,0898b825",https://img.onet.pl/1/o_hk9lBaHR0cHM6Ly9vY2RuLmV1L3B1bHNjbXMvTURBXy85MWIwOGMzMmZjODJjN2MyMjA3MjQ3ZDAyOTNmOWRiYS5qcGeSlQMAzMvNBVXNAv-TBcy-dt4AAqEwB6ExBA
12,"Kopalnia, która chce zgasić światło. Pogrąża ją pomoc dla Śląska",https://www.forbes.pl/biznes/jedyna-rentowna-kopalnia-tym-czego-boi-sie-bogdanka-jest-rzadowa-pomoc-reportaz/ewblzs4,https://img.onet.pl/1/VYBk9lGaHR0cHM6Ly9vY2RuLmV1L3B1bHNjbXMvTURBXy9kOWE1YzA4NC0yZDgyLTQ2YWQtYjkxOC1mY2UyNWI1MzlhNWIuanBlZ5KVA80BkADNAtDNAyCTBc0CWM0CRN4AAqEwB6ExBA
13,"Fala agresji wobec medyków w Niemczech. ""To szaleństwo""",https://wiadomosci.onet.pl/swiat/agresja-nie-ogranicza-sie-juz-tylko-do-ratownikow-medycznych-przestepcze-klany-sieja/r63sq65,https://img.onet.pl/1/wSQk9lBaHR0cHM6Ly9vY2RuLmV1L3B1bHNjbXMvTURBXy85ZjkxZjU2NDEyYWQzMzU4MWZmMGI1ZGNkMDYyZTg3ZS5qcGeSlQPNCHnNAUjNC2zNDLOTBc0CWM0CRN4AAqEwB6ExBA
14,"Mieszkania dziedziczonym przywilejem. Eksperci analizują, jak to naprawić",https://wiadomosci.onet.pl/kraj/doroslosc-na-kredyt-albo-u-rodzicow-mlodzi-polacy-w-pulapce/ltqqeqc,https://img.onet.pl/1/-KCk9lBaHR0cHM6Ly9vY2RuLmV1L3B1bHNjbXMvTURBXy9iNzgwNjlkYWZkNzkyNTU2NjAwNmY0ZjE4NDE3MGFmYS5wbmeSlQMBAM0Erc0FMpMFzQJYzQJE3gACoTAHoTEE
15,Tak oszukują na truskawkach. Klientka pokazała sposób sprzedawców,https://businessinsider.com.pl/finanse/handel/oszustwa-podczas-sprzedazy-truskawek-sprzedawcy-wykorzystuja-gotowe-pojemniki/8rg4jj0,https://img.onet.pl/1/W03k9lBaHR0cHM6Ly9vY2RuLmV1L3B1bHNjbXMvTURBXy9iN2RiNDlhNjE3YmNjNGRmN2Y3MDRlMTM2MzZhMjhiOS5qcGeTlQMAzKvNFWDNDAaTBc0E2M0CNJUH2TIvcHVsc2Ntcy9NREFfLzI3NGMxZDY0NjcwODJjM2U2ZGZlOWQwOWY0YTZkZjZiLnBuZwDCAN4AAqEwB6ExBA
16,"Media: Lewandowski wybrał, oto jego nowy klub! Za chwilę prezentacja",https://przegladsportowy.onet.pl/pilka-nozna/mls/media-robert-lewandowski-wybral-oto-jego-nowy-klub-za-chwile-prezentacja/y00zz2x,https://img.onet.pl/1/eKEk9lBaHR0cHM6Ly9vY2RuLmV1L3B1bHNjbXMvTURBXy9lZmY1NjVkNWQ2OTc1MjAzOWVlNjk5ZDI4ZWRkZDRmOS5qcGeSlQPNBqfNBQvNFP3NC9GTBc0CWM0BUN4AAqEwB6ExBA
17,"Nabiullina wróciła. Ostrzega Rosjan. ""Ryzyko już się materializuje""",https://wiadomosci.onet.pl/swiat/nabiullina-sie-odnalazla-teraz-ostrzega-przed-czarnym-scenariuszem-dla-rosji/cg04g8d,https://img.onet.pl/1/O2Sk9lBaHR0cHM6Ly9vY2RuLmV1L3B1bHNjbXMvTURBXy8yMzQ0ZTM5OGZmYTFjMjg4ZWFjZDA3YWY4MDllNjA1ZC5qcGeSlQMAPs0H0M0EZZMFzQJYzQFQ3gACoTAHoTEE
18,Burze przeszły przez Wielkopolskę. Strażacy wyjechali do 78 zgłoszeń,"https://www.onet.pl/informacje/codziennypoznanpl/burze-w-wielkopolsce-strazacy-usuwaja-skutki-nawalnic/j8fycqz,30bc1058",https://img.onet.pl/1/zXQk9lCaHR0cHM6Ly9vY2RuLmV1L3B1bHNjbXMvTURBXy8zNGY2ZGNhNjUxMDQ3OGMxYjMzY2M0YTRkMTg5ZTg2MC5qcGVnkpUDAMzGzQgAzQSAkwXNAZTNAVDeAAKhMAehMQQ
19,"Marcin Wrona nie kryje zdziwienia słowami Trumpa. ""Szokująca afera""","https://www.onet.pl/styl-zycia/plejada/marcin-wrona-nie-kryje-zdziwienia-slowami-donalda-trumpa-co-za-szokujaca-afera/yecq6ej,0898b825",https://img.onet.pl/1/IvGk9lBaHR0cHM6Ly9vY2RuLmV1L3B1bHNjbXMvTURBXy9jYjM2NDFjODhhNzRiMmNhM2UwMmNiZWZjMDQ1M2IxNi5wbmeSlQMAAM0GaM0DmpMFzQJYzQFQ3gACoTAHoTEE
20,"9600 zł dla Chwalińskiej. Możdżonek zaatakował, a sam dostał fortunę",https://przegladsportowy.onet.pl/siatkowka/mistrz-swiata-uderzyl-ws-9600-zl-dla-chwalinskiej-sam-dostal-275-tys/5q8n60d,https://img.onet.pl/1/-Vmk9lBaHR0cHM6Ly9vY2RuLmV1L3B1bHNjbXMvTURBXy9lMDA1MjZjYThiMzg0NzI3N2E3OGI5NzUwODdmNDk0NC5qcGeSlQPNBB0qzRCCzQlIkwXNAljNAVDeAAKhMAehMQQ
21,Seniorka liczyła na mandat. Może trafić do więzienia,https://kobieta.onet.pl/wiadomosci/oszustwo-za-truskawki-policja-stawia-seniorce-powazny-zarzut/ref1pv1,https://img.onet.pl/1/dc7k9lBaHR0cHM6Ly9vY2RuLmV1L3B1bHNjbXMvTURBXy9kY2JiZDQxNjU1ZjJhZTFkYmY5MzVlZDgwNjM2ODk1YS5qcGeSlQMAzK7NFcDNDDyTBc0CWM0BUN4AAqEwB6ExBA
22,Masz sokoli wzrok? Znajdź błąd na obrazku,"https://www.onet.pl/styl-zycia/ofeminin/co-jest-nie-tak-na-tym-obrazku-blad-jest-podwojny/vc49tne,7765eaf2",https://img.onet.pl/1/Qsbk9lBaHR0cHM6Ly9vY2RuLmV1L3B1bHNjbXMvTURBXy81NTJiNDY0YjI4N2JlYmEwYjk3YzJmOTJkY2I1ZGZiZS5wbmeSlQMAMM0GAM0DYJMFzQJYzQFQ3gACoTAHoTEE
23,Była jedną z najpiękniejszych aktorek. Żaliła się na samotność,https://kobieta.onet.pl/celebryci/w-agnieszce-wagner-kochalo-sie-pol-polski-mozna-bywac-ale-ja-nie-chce/j45qqyc,https://img.onet.pl/1/ZaCk9lBaHR0cHM6Ly9vY2RuLmV1L3B1bHNjbXMvTURBXy9hOTViNWFkNDQ2YmZkZWFjMGRjYmFlNWJiZGRmODA3OS5qcGeSlQMAzITNB3LNBDCTBc0BlM0BUN4AAqEwB6ExBA
24,"Wideo ze słowami Sikorskiego podbija internet. Komentarz ""Szkła kontaktowego""","https://www.onet.pl/styl-zycia/plejada/slowa-radoslawa-sikorskiego-i-robercie-bakiewiczu-hitem-satyryczny-opis-wywolal-burze/c480nce,0898b825",https://img.onet.pl/1/I4fk9lBaHR0cHM6Ly9vY2RuLmV1L3B1bHNjbXMvTURBXy8wNTc1MzU4ODEyY2ExZjljN2VjZmUyN2NkYTVkZmUyZS5qcGeSlQMAAM0GaM0DmpMFzQJYzQFQ3gACoTAHoTEE
25,Ktoś doniósł na chłopca sprzedającego lemoniadę. Nietypowy finał interwencji,https://kobieta.onet.pl/wiadomosci/chlopiec-sprzedawal-lemoniade-interweniowala-straz-miejska/h1364q0,https://img.onet.pl/1/dkvk9lBaHR0cHM6Ly9vY2RuLmV1L3B1bHNjbXMvTURBXy82ZTI4MDk2ODNmYmRkMTA5MjcwMTgxNDVlOGJmYTI0My5qcGeSlQMAzQJ2zQLQzQGVkwXNAljNAVDeAAKhMAehMQQ
26,"Niemcy przyjechali do Pobierowa. ""Nigdy byśmy się nie spodziewali""","https://www.onet.pl/turystyka/onetpodroze/niemcy-przyjechali-na-kilka-dni-do-pobierowa-kompletnie-nas-zaskoczylo/zxnnkf1,07640b54",https://img.onet.pl/1/vfGk9lBaHR0cHM6Ly9vY2RuLmV1L3B1bHNjbXMvTURBXy84NWNlMmYyYWI0ODIwMmE2MGZhOWZhNzQ4NjJmYTQwYi5wbmeSlQMAAM0HgM0EOJMFzQJYzQFQ3gACoTAHoTEE
27,"""Błagała mnie"". Oburzenie we Włoszech po słowach Donalda Trumpa",https://wiadomosci.onet.pl/swiat/oburzenie-po-slowach-donalda-trumpa-szef-msz-wloch-odwoluje-wizyte-w-usa/ezgldxn,https://img.onet.pl/1/7Uuk9lBaHR0cHM6Ly9vY2RuLmV1L3B1bHNjbXMvTURBXy81MjVkZjhhODZkZTA4NmQzMzBkNGJiYjVlMzc5YTA3MS5qcGeSlQMAKM0H0M0EaJMFzQJYzQFQ3gACoTAHoTEE
28,W tym quizie dobry wynik to 4/6. Pobijesz to?,https://www.onet.pl/gry/pl/quiz,https://img.onet.pl/1/TOGk9lBaHR0cHM6Ly9vY2RuLmV1L3B1bHNjbXMvTURBXy82MjBiNDAxZTM5ZmViNzRkNDQxMzY1NzIyMTRlMzIzNC5wbmeSlQMAAM0FAM0C0JMFZGTeAAKhMAehMQQ
29,Te obrazki skrywają 8 różnic. Widzisz je?,https://www.onet.pl/gry/pl/osiem-roznic,https://img.onet.pl/1/-_Kk9lBaHR0cHM6Ly9vY2RuLmV1L3B1bHNjbXMvTURBXy84NjJmNjQzMWRmM2ZiYTk4ZDkxMzhkZDY3MTAzZTU5ZS5wbmeSlQMAAM0FAM0C0JMFZGTeAAKhMAehMQQ
30,PILNE Wołodymyr Zełenski stracił Order Orła Białego,https://wiadomosci.onet.pl/kraj/wolodymyr-zelenski-stracil-order-orla-bialego-jest-decyzja-prezydenta/lw34008,https://img.onet.pl/1/ubAk9lBaHR0cHM6Ly9vY2RuLmV1L3B1bHNjbXMvTURBXy8zMTVhMWZjNWI0MGQ0MjFiZjlkZWVmYTI2ODhkYTFjOC5wbmeRkwXMvnbeAAKhMAehMQQ
31,"Jak reagować, kiedy ktoś cię obraża? To zawsze działa","https://www.onet.pl/styl-zycia/ofeminin/jak-reagowac-na-obrazliwe-komentarze-trzy-psychologiczne-techniki/ydve1sm,7765eaf2",https://img.onet.pl/1/P9Yk9lBaHR0cHM6Ly9vY2RuLmV1L3B1bHNjbXMvTURBXy8wMTU0NTJhYjk1YWI3YTY4ZjU4ZjI4YTdmNTFhZGE2MS5qcGeTlQMAzQK7zRpAzQ7EkwXNBNjNAjSVB9kyL3B1bHNjbXMvTURBXy8yNzRjMWQ2NDY3MDgyYzNlNmRmZTlkMDlmNGE2ZGY2Yi5wbmcAwgDeAAKhMAehMQQ
32,Polska - Holandia w Lidze Narodów. Kiedy mecz?,https://przegladsportowy.onet.pl/siatkowka/polska-holandia-w-lidze-narodow-zobacz-kto-dzisiaj-wygral-wynik-na-zywo/ywfhcts,https://img.onet.pl/1/G3Fk9lGaHR0cHM6Ly9vY2RuLmV1L3B1bHNjbXMvTURBXy82Y2U5OTQzZS1jOTBmLTQ2MzQtOTBmZC05ODlkYWY3NmRlODguanBlZ5KVAwDMn80Qvc0JapMFzQJYzQFQ3gACoTAHoTEE
33,"""Spiep**aj gówniarzu"" w Sejmie. Awantura Giertycha z PiS ma dalszy ciąg",https://wiadomosci.onet.pl/kraj/spiepaj-gowniarzu-roman-giertych-chce-ukarania-czarnka-i-kaczynskiego/b96wss6,https://img.onet.pl/1/tzPk9lBaHR0cHM6Ly9vY2RuLmV1L3B1bHNjbXMvTURBXy83ZDIyY2M5ZGZmNDhhNzhhZjc3Y2ZkMGI3M2JmMjg1Ny5qcGeSlQMAzQNIzSAAzRIPkwXNAljNAVDeAAKhMAehMQQ
34,"Były poseł o radiowozie po stłuczce. ""Z czego oni robią auta?""","https://www.onet.pl/motoryzacja/brd24pl/robia-te-auta-z-butelek-byly-posel-zdziwiony-po-kolizji/rfppj5c,30bc1058",https://img.onet.pl/1/n4Ik9lBaHR0cHM6Ly9vY2RuLmV1L3B1bHNjbXMvTURBXy9mNWMxNTkzMmY1ZDY4NTZiMmE1ZGYxMDljZDZkMWQ4Mi5qcGeSlQMAF80DIM0BwpMFzQJYzQFQ3gACoTAHoTEE
35,"Niemiec szedł ulicą w Warszawie i nie wytrzymał. ""Szaleństwo""","https://www.onet.pl/turystyka/onetpodroze/niemiec-szedl-ulica-w-warszawie-i-nie-wytrzymal-szalenstwo/3fq88sb,07640b54",https://img.onet.pl/1/_Oyk9lBaHR0cHM6Ly9vY2RuLmV1L3B1bHNjbXMvTURBXy8yMTc1MDRiYTg1MmQzZjA3NDdiMWU1NmRlYWFmMzliZC5wbmeSlQMAAM0EsM0Co5MFzQJYzQFQ3gACoTAHoTEE
36,Rosyjski samolot nadał kod alarmowy. 158 pasażerów na pokładzie,"https://www.onet.pl/turystyka/onetpodroze/samolot-z-rosjanami-nadal-kod-7700-na-pokladzie-ponad-160-osob/3rgwjfw,07640b54",https://img.onet.pl/1/ie1k9lBaHR0cHM6Ly9vY2RuLmV1L3B1bHNjbXMvTURBXy9hOGRiNmVkMTllZjMxNTZmNzcwMjEyMzgxNzc0MjhhMy5wbmeSlQMAAM0EsM0Co5MFzQJYzQFQ3gACoTAHoTEE
37,Coraz więcej osób montuje takie krany. Eksperci ostrzegają,https://kobieta.onet.pl/dom/aranzacje/klasyczne-krany-odchodza-w-zapomnienie-ale-nowe-rozwiazanie-ma-tez-wady/0q1l7tg,https://img.onet.pl/1/oWJk9lBaHR0cHM6Ly9vY2RuLmV1L3B1bHNjbXMvTURBXy8wOTYyMWRkYWQ2MjM5ZjNiOTNlY2M2Zjg4MDNhYmIyNi5qcGeSlQMAzLvNF3DNDS-TBc0CWM0BUN4AAqEwB6ExBA
38,Decydujące momenty całego meczu! Sabalenka ma problemy,https://przegladsportowy.onet.pl/tenis/aryna-sabalenka-nikola-bartunkova-relacja-na-zywo-wta-500-w-berlinie-live/3vhyj9s,https://img.onet.pl/1/bMJk9lBaHR0cHM6Ly9vY2RuLmV1L3B1bHNjbXMvTURBXy81OWI2OTc1ZDY1OTRiOGQ5NjdkMDYxZDM5ZjQzNjlmOC5qcGeSlQPNA57M980Qgc0JSJMFzQJYzQFQ3gACoTAHoTEE
39,"Czy rowerzysta może jechać ulicą, gdy obok jest ścieżka z kostki?",https://www.auto-swiat.pl/porady/prawo/czy-rowerzysta-moze-jechac-ulica-jesli-obok-jest-sciezka-rowerowa/95pkvck,https://img.onet.pl/1/6H7k9lBaHR0cHM6Ly9vY2RuLmV1L3B1bHNjbXMvTURBXy8zZjc4ZTFkMzE0Y2VmNmM2NDY5MzZkNmRkODk2MGFkNC5qcGeSlQMKAM0HOM0EEJMFzQJYzQFQ3gACoTAHoTEE
40,Tak wygląda droga Świątek do finału. Poznała drabinkę w turnieju,https://przegladsportowy.onet.pl/tenis/tak-wyglada-droga-swiatek-do-finalu-poznala-drabinke-w-turnieju/724f8xt,https://img.onet.pl/1/Dujk9lBaHR0cHM6Ly9vY2RuLmV1L3B1bHNjbXMvTURBXy8zMzIzY2NhOWE0ODAyODMyYTI3MzE2ZTExZThhMGRiYy5wbmeRkwXMvnbeAAKhMAehMQQ
41,"Stuletnie dęby wycięte przez dewelopera. ""To była zaplanowana akcja""",https://facet.onet.pl/warto-wiedziec/stuletnie-deby-wyciete-przez-dewelopera-to-byla-zaplanowana-akcja/keq25km,https://img.onet.pl/1/h9vk9lBaHR0cHM6Ly9vY2RuLmV1L3B1bHNjbXMvTURBXy8zYWRmYmVlOGY2OWI4YzFiYWUzNGMyYmM4ODk2N2QwYy5wbmeRkwXNAljNAVDeAAKhMAehMQQ
42,"Tak wyglądały komunie pod Warszawą. ""Dzieci dostały miskę frytek""",https://kobieta.onet.pl/warto-wiedziec/komunia-jak-z-koszmaru-nigdy-nie-przezylam-takiej-kompromitacji-i-wstydu/6fblmsn,https://img.onet.pl/1/vGYk9lBaHR0cHM6Ly9vY2RuLmV1L3B1bHNjbXMvTURBXy81MDJlZDM4YTQ0OGYzYzFhMDg1YmI5YzcwYjJhZTNkOC5wbmeSlQMRAM0Fd80DE5MFzQJYzQFQ3gACoTAHoTEE
43,"Hyrox to nowa moda na sport. ""Mówią, że to zjazd chorych na głowę ludzi""",https://facet.onet.pl/warto-wiedziec/hyrox-to-nowa-moda-na-sport-mowia-ze-to-zjazd-chorych-na-glowe-ludzi/z5b6en3,https://img.onet.pl/1/5w0k9lBaHR0cHM6Ly9vY2RuLmV1L3B1bHNjbXMvTURBXy8xN2NjMjA0N2JmN2EwOGZlNTY3YmIxNjIwMzY4NzlkNy5wbmeRkwXNAljNAVDeAAKhMAehMQQ
44,Matka i córka zbudowały dom z 8 tys. szklanych butelek. Zobacz wnętrze,"https://www.onet.pl/styl-zycia/ofeminin/matka-i-corka-zbudowaly-dom-z-8-tys-szklanych-butelek-zobacz-wnetrze/yvlqf9t,7765eaf2",https://img.onet.pl/1/LAFk9lBaHR0cHM6Ly9vY2RuLmV1L3B1bHNjbXMvTURBXy9iOWJiM2YxNzc5OTY5MWIzNWY0MTRkYWM1MDE4OWYwZS5wbmeTlQMAAM0HgM0EOJMFzQTYzQI0lQfZMi9wdWxzY21zL01EQV8vMjc0YzFkNjQ2NzA4MmMzZTZkZmU5ZDA5ZjRhNmRmNmIucG5nAMIA3gACoTAHoTEE
45,6 tys. komentarzy po akcji w Berlinie. Policja ściga hejterów,"https://www.onet.pl/informacje/deutsche-welle/otwieraja-sie-stare-rany-historii-hejt-po-incydencie-z-bakiewiczem/3rz43l9,0666d3f1",https://img.onet.pl/1/aRSk9lGaHR0cHM6Ly9vY2RuLmV1L3B1bHNjbXMvTURBXy9iNGU2ZTQwYy05OGEwLTRmMzctOTdhYS0yYjhlYTZkNmE0ZTguanBlZ5KVAwAAzQeAzQQ4kwXNAljNAVDeAAKhMAehMQQ
46,"Zawadzka o kompleksie zbyt dużego biustu. ""Jak z tego schudnąć?""","https://www.onet.pl/styl-zycia/plejada/marcelina-zawadzka-o-kompleksie-zbyt-duzego-biustu-jak-z-tego-schudnac/7bdhf0k,0898b825",https://img.onet.pl/1/9Blk9lBaHR0cHM6Ly9vY2RuLmV1L3B1bHNjbXMvTURBXy8wYmVjYzYyN2NkN2YwNzk0Yzg0ODI5OGM0ZjM4YWRmYi5qcGeSlQMAzIjNC8_NBqWTBc0CWM0BUN4AAqEwB6ExBA
47,Koniec z opłatą śmieciową od osoby w blokach. Wchodzą wyższe stawki,"https://www.onet.pl/styl-zycia/kbpl-2/smieci-wedlug-wyniku-wodomierza-mieszkancy-zaplaca-wiecej/wlz9yrs,0666d3f1",https://img.onet.pl/1/Hdnk9lBaHR0cHM6Ly9vY2RuLmV1L3B1bHNjbXMvTURBXy9mZGI3MGM5MGFkZTZjM2UzMzg4YjY0ZTZkM2NkYWFkYi5qcGeSlQMAQM0IMs0EnZMFzQJYzQFQ3gACoTAHoTEE
48,Masz taką deskę w swojej kuchni? Natychmiast ją wyrzuć,https://kobieta.onet.pl/dom/porady/masz-taka-deske-w-swojej-kuchni-natychmiast-ja-wyrzuc/9fgghyp,https://img.onet.pl/1/9cnk9lBaHR0cHM6Ly9vY2RuLmV1L3B1bHNjbXMvTURBXy8xN2RlM2JhMjViMmM2NDhhYjg5Njc4ODkwNzRlNWQ1My5qcGeSlQMAzLvNF3DNDS-TBc0CWM0BUN4AAqEwB6ExBA
49,Bachleda pęka z dumy. Syn robi coraz większą furorę w Hollywood,https://kobieta.onet.pl/celebryci/henry-tadeusz-farrell-chce-isc-w-slady-rodzicow-jest-naprawde-utalentowany/q3ht0st,https://img.onet.pl/1/Gwjk9lBaHR0cHM6Ly9vY2RuLmV1L3B1bHNjbXMvTURBXy8wYmJjZjRhOWI5NWM5NTBlNWRiNzFhNzlkZGJlNWY4YS5qcGeSlQMAzQFfzQaazQO3kwXNAZTNAVDeAAKhMAehMQQ
50,"Honor 600 Pro. Zgrabny, wydajny, solidnie wykonany. Test smartfonu",https://www.komputerswiat.pl/mobile/smartfony/honor-600-pro-ten-smartfon-mogl-byc-rynkowym-hitem-recenzja/xeymzq6,https://img.onet.pl/1/Djwk9lBaHR0cHM6Ly9vY2RuLmV1L3B1bHNjbXMvTURBXy8zZmJlYzdjNWQ3MzNmMGJjYzMzOTA1NWVmNzkwYTUyYS5qcGeSlQMAzKzND0_NCJyTBc0CWM0BUN4AAqEwB6ExBA
51,"To auto robi furorę wśród kierowców! Wygląda jak milion dolarów, mega komfortowy",https://www.auto-swiat.pl/wiadomosci/aktualnosci/nowy-citroen-c5-aircross-teraz-juz-od-820-zl-netto-miesiecznie/m892g0s,https://img.onet.pl/1/5PNk9lBaHR0cHM6Ly9vY2RuLmV1L3B1bHNjbXMvTURBXy9lNDRiYWVmNWNjZDZkNDhmMDQ0YzRkYzRmNjczN2EyNy5qcGeSlQPNBRzNCgXNHe7NENaTBc0CWM0BUN4AAqEwB6ExBA
52,"Ta objazdówka po Japonii to petarda! Rozgrzała Internet, podróżni walczą o miejsca",https://businessinsider.com.pl/lifestyle/podroze/kraj-kwitnacej-wisni-na-wyciagniecie-reki-miejsca-znikaja-blyskawicznie/ffq6308,https://img.onet.pl/1/Dx9k9lBaHR0cHM6Ly9vY2RuLmV1L3B1bHNjbXMvTURBXy83OGJkZTg2MDI5YjE1ZGRiZjRkM2I2MzM5ZWRjNGFhMi5qcGeSlQMAOM0E1s0CuJMFzQJYzQFQ3gACoTAHoTEE
53,Ten SUV idzie po koronę bestsellerów. Teraz można go kupić z gigantycznym rabatem,https://www.auto-swiat.pl/wiadomosci/aktualnosci/mg-wchodzi-na-kolejny-poziom-na-wyprzedazy-rocznika-mozesz-zyskac-do-12-tys-zl/xmndffs,https://img.onet.pl/1/sz1k9lBaHR0cHM6Ly9vY2RuLmV1L3B1bHNjbXMvTURBXy9kZjYyMmZkNjY3MDI0N2MxZDA0M2E2YzlmNmQwNWVhMy5qcGeSlQPNCKHNBNXNCjHNBbyTBc0CWM0BUN4AAqEwB6ExBA
54,"Kosi tak precyzyjnie, że ludzie pytają o numer do ogrodnika. A to tylko robot","https://csr.onet.pl/1746213/trk/adclick/das,1873237,0?CS=tracking",https://img.onet.pl/1/FSMk9lBaHR0cHM6Ly9vY2RuLmV1L3B1bHNjbXMvTURBXy8xM2NmYzQ5OTFiOTZjNjdjZmYzYWQyMTc3MWQyZjc2ZC5qcGeRkwXNAljNAVDeAAKhMAehMQQ
55,Strefa Wellness w tym obiekcie to prawdziwa perełka! Ma 27‑metrowy przeszklony basen,https://businessinsider.com.pl/lifestyle/podroze/ustron-i-hotel-belweder-piec-gwiazdek-widoki-na-gory-i-wellness-w-cenie-pobytu/g8l8n6g,https://img.onet.pl/1/D0yk9lBaHR0cHM6Ly9vY2RuLmV1L3B1bHNjbXMvTURBXy9hZmU0MmI5MDJiY2ExOTI2OTQ5MDIwZWRmMzY3ODJjMS5qcGeRkwXNAljNAVDeAAKhMAehMQQ
56,Ten telewizor AI zamieni salon w kino. Obraz ostry jak żyleta z perfekcyjnym kontrastem,https://facet.onet.pl/ten-telewizor-ai-zamieni-twoj-salon-w-kino-domowe-obraz-ostry-jak-zyleta-z/4b6bsz0,https://img.onet.pl/1/oPqk9lBaHR0cHM6Ly9vY2RuLmV1L3B1bHNjbXMvTURBXy85OTEyNDg5ZDk4M2Y1NmZiOTIyODhlYjRhYWE5ZjcwYi5qcGeRkwXNAljNAVDeAAKhMAehMQQ
57,Taki kostium kąpielowy będzie hitem lata. To włoska estetyka,"https://www.onet.pl/styl-zycia/ofeminin/hailey-bieber-w-minimalistycznym-bikini-ten-model-to-hit-lata/lhex783,7765eaf2",https://img.onet.pl/1/euEk9lBaHR0cHM6Ly9vY2RuLmV1L3B1bHNjbXMvTURBXy80Zjg5YjFhYzUwZWZjNTIwMjM4ZWE4MDNmYzUwYTQxMS5qcGeTlQMAzOPNHGXND_iTBc0E2M0CNJUH2TIvcHVsc2Ntcy9NREFfLzI3NGMxZDY0NjcwODJjM2U2ZGZlOWQwOWY0YTZkZjZiLnBuZwDCAN4AAqEwB6ExBA
58,"Mundial 2026. Szkocja – Maroko. Zobacz, kto wygrał. Wynik na żywo",https://przegladsportowy.onet.pl/pilka-nozna/mistrzostwa-swiata-2026/mundial-2026-szkocja-maroko-zobacz-kto-dzisiaj-wygral-wynik-na-zywo/kqtp1dr,https://img.onet.pl/1/Gqpk9lBaHR0cHM6Ly9vY2RuLmV1L3B1bHNjbXMvTURBXy9mYWM5YzhlMjYwNTBjM2IzMTkwM2NmYmE4MGFjNzA2Yy5qcGeSlQMAPs0H0M0EZZMFzQJYzQFQ3gACoTAHoTEE
59,Za odkrytą rurę właścicielka sporo zapłaci. Przyłapała ją straż miejska,"https://www.onet.pl/informacje/tu-stolica/za-odkryta-rure-wlascicielka-sporo-zaplaci/zp7h3mc,30bc1058",https://img.onet.pl/1/DjYk9lGaHR0cHM6Ly9vY2RuLmV1L3B1bHNjbXMvTURBXy83MDQwMDQ0Ny01MDBmLTRjYzAtYTcxZi0wYzc0MDA0NzczOGIuanBlZ5GTBc0CWM0BUN4AAqEwB6ExBA
60,Malia i Sasha Obama obok rodziców. Mocno się od siebie różnią,"https://www.onet.pl/styl-zycia/plejada/dawno-niewidziane-corki-obamow-nie-kryly-lez-tak-wygladaja-dzis/skyrkvr,0898b825",https://img.onet.pl/1/DROk9lGaHR0cHM6Ly9vY2RuLmV1L3B1bHNjbXMvTURBXy9mMzIzYjBjMS1lODUxLTRkM2MtYmUyZi0wOTg1ZjcyODcyMjEuanBlZ5KVAwDNAZnND1_NCKaTBc0BlM0BUN4AAqEwB6ExBA
61,Prosty trik z trzema palcami. Oszuści nie mają na niego odpowiedzi,https://www.komputerswiat.pl/nauka-i-technika/bezpieczenstwo/prosty-trik-zdemaskuje-oszusta-wystarcza-trzy-palce/8r8crl7,https://img.onet.pl/1/3p9k9lBaHR0cHM6Ly9vY2RuLmV1L3B1bHNjbXMvTURBXy8zYWQ1M2JmYmNhZTM1ZDllMTQ1NDU5OTg0NWVhYTE2Zi5qcGeSlQMAzQHEzRy8zRAukwXNAljNAVDeAAKhMAehMQQ
62,"Marta była w zakonie. Opisała, jak krzywdziła ją ""mistrzyni nowicjatu""","https://www.onet.pl/styl-zycia/wydawnictwo-znak/marta-byla-w-zakonie-mistrzyni-zakochala-sie-w-nowicjuszce/96erm06,30bc1058",https://img.onet.pl/1/2tPk9lBaHR0cHM6Ly9vY2RuLmV1L3B1bHNjbXMvTURBXy82MDg0ZjJjYjhjYTIxNTYwYTRmMWViM2NlZTZlN2M1MC5qcGeSlQMABM0P-80I_5MFzQJYzQFQ3gACoTAHoTEE
63,"Dzięki Nokii stały się milionerkami. Nie wiedziały, co mają w szufladach",https://www.komputerswiat.pl/mobile/smartfony/gospodynie-z-nokii-zostaly-milionerkami-skarb-czekal-w-szufladach-latami/1x7mvpw,https://img.onet.pl/1/R_5k9lBaHR0cHM6Ly9vY2RuLmV1L3B1bHNjbXMvTURBXy82MDAwMjQwYjM4MzFiOTYwMDhmNDhlZWIxYWFiMDZjMi5qcGeSlQMAzIrNB4DNBDiTBc0CWM0BUN4AAqEwB6ExBA
64,Posłanka nagle zasłabła w Sejmie. Teraz zabrała głos: nie daję rady,"https://www.onet.pl/styl-zycia/plejada/katarzyna-piekarska-nagle-zaslabla-w-sejmie-teraz-zabrala-glos-nie-daje-rady/0mytef2,0898b825",https://img.onet.pl/1/CFlk9lBaHR0cHM6Ly9vY2RuLmV1L3B1bHNjbXMvTURBXy8xNGRiMmQ3MDg0Y2Q1Y2QyNTMwNjkzZWQzMTBmZWRjYS5wbmeTlQMAAM0GaM0DmpMFzQTYzQI0lQfZMi9wdWxzY21zL01EQV8vMjc0YzFkNjQ2NzA4MmMzZTZkZmU5ZDA5ZjRhNmRmNmIucG5nAMIA3gACoTAHoTEE
65,"Gwiazda podrywała go na oczach żony. ""Adoracja sięgnęła zenitu""",https://kobieta.onet.pl/celebryci/zuzanna-lapicka-opisala-malzenstwo-z-danielem-olbrychskim-dlugo-nie-rozumial/rqbkksk,https://img.onet.pl/1/zxXk9lBaHR0cHM6Ly9vY2RuLmV1L3B1bHNjbXMvTURBXy8yYjVkNDA4NjdiYTA0M2ViN2RhODBhMmEzOWI1OGJjZS5qcGeSlQMCzQGVzRKazQp5kwXNAZTNAVDeAAKhMAehMQQ
66,Nieoficjalnie: protest Tuska w Brukseli. Jasna deklaracja w sprawie Rosji,https://wiadomosci.onet.pl/swiat/protest-donalda-tuska-na-szczycie-w-brukseli-jasna-deklaracja-w-sprawie-rosji/cz0623w,https://img.onet.pl/1/M7Tk9lGaHR0cHM6Ly9vY2RuLmV1L3B1bHNjbXMvTURBXy8wODQ5MTBiNC1iZWFhLTQ1NDQtYjQ0ZS1lODRiMDEzYTk3ZmMuanBlZ5KVA80H4xrNDSbNB2uTBc0CWM0BUN4AAqEwB6ExBA
67,"30-latek w gronostajach, czyli jak Michał Sopiński został rektorem",https://wiadomosci.onet.pl/kraj/michal-sopinski-zegna-sie-ze-stanowiskiem-polityczne-tlo-zmian-w-aws/2smlh92,https://img.onet.pl/1/VJ_k9lBaHR0cHM6Ly9vY2RuLmV1L3B1bHNjbXMvTURBXy8yNjM5MjY0MmY2MmVlZTA0NTBkZDdkMGI1Y2NkMmY3Ni5qcGeSlQMAzQHxzRNAzQrbkwXNAljNAVDeAAKhMAehMQQ
68,72-latka wyszła z Mercedesa i została potrącona przez auto dostawcze,"https://www.onet.pl/informacje/miejski-reporter/72-latka-wyszla-z-mercedesa-i-zostala-potracona-przez-auto-dostawcze/dhy2n4m,0666d3f1",https://img.onet.pl/1/lVwk9lGaHR0cHM6Ly9vY2RuLmV1L3B1bHNjbXMvTURBXy9hZTIwZWZjYi00MWQ5LTQxODQtODNhYy0yN2E1MDEwODYwNmQuanBlZ5KVAz3M680FOM0C75MFzL523gACoTAHoTEE
69,Płonąca Moskwa i autostrada śmierci. Ukraina w ofensywie,https://wiadomosci.onet.pl/swiat/polowanie-na-kuropatwy-rosjanie-musza-poczuc-ten-sam-bol-wojny-co-my/5hk98lz,https://img.onet.pl/1/VRTk9lBaHR0cHM6Ly9vY2RuLmV1L3B1bHNjbXMvTURBXy8yNjFjZmQ0N2Q2NDBiNjNiZTA3N2UzOGNmYTMwMjA3OC5wbmeSkwXNBNjNAjSVB9kyL3B1bHNjbXMvTURBXy8yNzRjMWQ2NDY3MDgyYzNlNmRmZTlkMDlmNGE2ZGY2Yi5wbmcAwgDeAAKhMAehMQQ
70,"Mam 54 lata. Właśnie sobie uświadomiłam, że jestem przegrywem","https://www.onet.pl/informacje/newsweek/maja-50-lat-i-czuja-ze-sa-przegrani-na-zycie-mam-3-tys/1h1w5y7,452ad802",https://img.onet.pl/1/etBk9lBaHR0cHM6Ly9vY2RuLmV1L3B1bHNjbXMvTURBXy8wNDg4OWY0YzQ0OGU1NjhkZjExZDYyMzYwNTE0OTQxMy5qcGeSlQMAQs0ISc0EqZMFzQJYzQFQ3gACoTAHoTEE
71,Nie tylko Kacprzyk. Lekarz miał przepracować 4881 godzin w rok,"https://www.onet.pl/biznes/fakt/dawid-kacprzyk-nie-byl-rekordzista-ten-lekarz-mial-przepracowac-4881-godz/hzk1k1z,e763a960",https://img.onet.pl/1/36Xk9lGaHR0cHM6Ly9vY2RuLmV1L3B1bHNjbXMvTURBXy80ZDFkNjRlZi1kNjBmLTQ1MTctOTE3NC02NjMzYTg0MDM0MGMuanBlZ5KVAwAAzQgAzQSAkwXNAljNAVDeAAKhMAehMQQ
72,Zwiedziła pół świata. Ulubione kraje? Bez wahania wymienia trzy,"https://www.onet.pl/styl-zycia/businessinsider/najlepsze-kraje-na-wakacje-podrozniczka-wskazuje-swoje-top-3/my4rff6,211f4564",https://img.onet.pl/1/TZYk9lBaHR0cHM6Ly9vY2RuLmV1L3B1bHNjbXMvTURBXy84YjZlNzU4NThmODJiYzRiZGNkYTAyZTM1YzJlZTljYi5wbmeSlQMAOc0EZc0CeZMFzQJYzQFQ3gACoTAHoTEE
73,To może być koniec brexitu. Unia Europejska szykuje się na wstrząs,https://wiadomosci.onet.pl/swiat/powrot-wielkiej-brytanii-do-ue-moglby-zmrozic-europe-koniec-bajki/20249jm,https://img.onet.pl/1/MFTk9lBaHR0cHM6Ly9vY2RuLmV1L3B1bHNjbXMvTURBXy8yMDg4OWYzNjQzYjYwOGJiMTM2MmJjYWQ0OTVkYWU4Mi5qcGeSlQMAAM0HgM0EOJMFzQJYzQFQ3gACoTAHoTEE
74,"Trudny szczyt UE. Pojawił się niespodziewany ""następca Orbana""",https://wiadomosci.onet.pl/swiat/na-szczycie-ue-premier-hiszpanii-wbija-kij-w-mrowisko-pedro-sanchez-nowa-czarna-owca/hdj99mh,https://img.onet.pl/1/-5Bk9lGaHR0cHM6Ly9vY2RuLmV1L3B1bHNjbXMvTURBXy9mNGI0MjdlNi01MGI0LTQxMjMtYWY1ZC05Yzc3MTczOThjZjIuanBlZ5KVAwDNA0LNFe3NDF2TBc0CWM0BUN4AAqEwB6ExBA
75,Dwie zagadki w kadrze siatkarek. Zaskakujące decyzje trenera,"https://www.onet.pl/sport/przeglad-sportowy/polskie-siatkarki-sie-rozkrecaja-dwie-zagadki-stefano-lavariniego/dj17ghp,4da7d3a7",https://img.onet.pl/1/zcIk9lBaHR0cHM6Ly9vY2RuLmV1L3B1bHNjbXMvTURBXy84OWU5MTg1Y2ExYTU5YTMzY2MyMjA3NjBmYTU0NTAzNS5qcGeSlQMAJ80FAM0C0JMFzQJYzQFQ3gACoTAHoTEE
76,Szykuje się kolejny zwrot na rynkach po zerwaniu rozmów pokojowych,"https://www.onet.pl/biznes/businessinsider/usa-iran-dla-rynkow-kolejny-zwrot-o-180-stopni/sqq5q2h,211f4564",https://img.onet.pl/1/-bek9lBaHR0cHM6Ly9vY2RuLmV1L3B1bHNjbXMvTURBXy9iYzk2MjAyNjhkNWE3ODdlNmIyMWVkMTAwNzMzMTlmMy5qcGeSlQMAPs0H0M0EZZMFzQJYzQFQ3gACoTAHoTEE
77,"Najgorsze, co można powiedzieć dziecku. Zapamięta to na zawsze",https://kobieta.onet.pl/psychologia/zgubne-slowa-rodzicow-przez-te-piec-zdan-jestes-zblokowany/q7bcsqr,https://img.onet.pl/1/rHik9lBaHR0cHM6Ly9vY2RuLmV1L3B1bHNjbXMvTURBXy8wODIyMTEzOGUxYzdhNDU4ZTZkYWVhY2YzZjNkYWJkMS5qcGeTlQMAzQIbzRRAzQtkkwXNBNjNAjSVB9kyL3B1bHNjbXMvTURBXy8yNzRjMWQ2NDY3MDgyYzNlNmRmZTlkMDlmNGE2ZGY2Yi5wbmcAwgDeAAKhMAehMQQ
78,Syn Kamińskiego nosi kamizelkę kuloodporną. Ktoś mu grozi,https://kobieta.onet.pl/celebryci/syn-kaminskiego-boi-sie-o-zycie-jesli-ktos-mi-strzeli-w-glowe-to-trudno/p3vyzdj,https://img.onet.pl/1/J6Kk9lBaHR0cHM6Ly9vY2RuLmV1L3B1bHNjbXMvTURBXy83ZTFhNTUyZjY1OGZmNDgwMTEzYzM4ODVkZDc0MDNjZC5qcGeSlQMAzQEjzRC9zQlskwXNAljNAVDeAAKhMAehMQQ
79,"Sąd: Szantażowali firmę Mlekovita. ""Ktoś nam ten Egipt musi zafundować""",https://wiadomosci.onet.pl/poznan/wyrok-w-sprawie-mlekovity-dziennikarz-pawel-miter-wychodzi-obronna-reka/efk3dzy,https://img.onet.pl/1/4nbk9lBaHR0cHM6Ly9vY2RuLmV1L3B1bHNjbXMvTURBXy9mZjVkZTZlN2Q0ZDdjOGQwODJkMDkzNzI0YTZiODU4YS5qcGeRkwXNAljNAVDeAAKhMAehMQQ
80,To nie niewolnicy zbudowali piramidę Cheopsa. Oto co mówią archeolodzy,"https://www.onet.pl/styl-zycia/wielka-historia/ilu-ludzi-budowalo-piramide-cheopsa-to-mowia-najnowsze-odkrycia/njzh3kh,30bc1058",https://img.onet.pl/1/xZ8k9lGaHR0cHM6Ly9vY2RuLmV1L3B1bHNjbXMvTURBXy9iMTBhMDRhYi1lZGZkLTQ5NmMtYTU1ZC04YmViNjUzYThiZTkuanBlZ5KVAwATzQJSzQFOkwXNAljNAVDeAAKhMAehMQQ
81,"Przyszłość rynku nieruchomości: portale, pośrednicy i AI",https://gratka.pl/blog/portale-posrednicy-i-ai-jak-bedzie-wygladal-rynek-nieruchomosci-w-najblizszych-latach/?utm_source=rasp&utm_medium=onet-widget-hp&utm_campaign=debata_portale_i_posrednicy,https://img.onet.pl/1/4qrk9lBaHR0cHM6Ly9vY2RuLmV1L3B1bHNjbXMvTURBXy8zMDY2NTkxOGRjM2I4ZDY2OWUyYTljZDY0NzdhM2Q2ZC5wbmeRkwXNAljNAVDeAAKhMAehMQQ
82,"Wracasz do domu, a tam szklarnia? 4 proste sposoby na schłodzenie mieszkania bez klimatyzacji",https://gratka.pl/blog/wracasz-do-domu-a-tam-szklarnia-4-proste-sposoby-na-schlodzenie-mieszkania-bez-klimatyzacji/?utm_source=rasp&utm_medium=onet-widget-hp&utm_campaign=schladzanie_domu,https://img.onet.pl/1/dO9k9lBaHR0cHM6Ly9vY2RuLmV1L3B1bHNjbXMvTURBXy8zN2YzODZmMmMyOWY3NTJhODEyMjY5ZDlhMzY2NTViZi5wbmeRkwXNAljNAVDeAAKhMAehMQQ
83,Kupujesz dom z lat 70. lub 80.? Jak zmodernizować „kostkę” i nie zbankrutować,https://gratka.pl/blog/kupujesz-dom-z-lat-70-lub-80-jak-zmodernizowac-kostke-i-nie-zbankrutowac/?utm_source=rasp&utm_medium=onet-widget-hp&utm_campaign=dom_z_lat_70,https://img.onet.pl/1/Kktk9lBaHR0cHM6Ly9vY2RuLmV1L3B1bHNjbXMvTURBXy82YmI0N2U2MjAyNDA2ZGVkNTI2OGRiOTBjYTc5MTkyOC5qcGeRkwXNAljNAVDeAAKhMAehMQQ
84,Ryjkowóz trafił na parking prokuratury. Pani Anna nie może go odzyskać,https://kobieta.onet.pl/warto-wiedziec/ryjkowoz-trafil-na-parking-prokuratury-pani-anna-nie-moze-go-odzyskac/zpl61wr,https://img.onet.pl/1/JvIk9lBaHR0cHM6Ly9vY2RuLmV1L3B1bHNjbXMvTURBXy8zYTUzZDNhZWY0MzBlYzk3NTBhZDZhZWM5MWIwYmRlMy5wbmeSkwXNBNjNAjSVB9kyL3B1bHNjbXMvTURBXy8yNzRjMWQ2NDY3MDgyYzNlNmRmZTlkMDlmNGE2ZGY2Yi5wbmcAwgDeAAKhMAehMQQ
85,Ta sprawa wstrząsnęła Polską. Patomorfolog zakopała płody koło domu. Jak do tego doszło?,https://kobieta.onet.pl/warto-wiedziec/makabryczne-odkrycie-pod-rzeszowem-patomorfolog-zakopala-plody-kolo-domu-w-tle-dlugi/vnjxmvq,https://img.onet.pl/1/fWYk9lBaHR0cHM6Ly9vY2RuLmV1L3B1bHNjbXMvTURBXy84YTk4NmQxODg2MTJmZTg2ZjY0YTI2MGJmMGE3ZjZkMy5wbmeRkwXNAljNAVDeAAKhMAehMQQ
86,Historie wytatuowanych rodziców. Jak to przekłada się na ich codzienne życie?,https://facet.onet.pl/warto-wiedziec/historie-wytatuowanych-rodzicow-jak-to-przeklada-sie-na-ich-codzienne-zycie/k6sq0n7,https://img.onet.pl/1/4AFk9lBaHR0cHM6Ly9vY2RuLmV1L3B1bHNjbXMvTURBXy84OWJlMmU5NGFjNjNjY2NhZGI4ZmUzMTI5OWUyODk3NC5wbmeRkwXNAljNAVDeAAKhMAehMQQ
87,Schudła 100 kg i jest nie do poznania. Tak zmieniła swoje życie,https://kobieta.onet.pl/warto-wiedziec/schudla-100-kg-i-jest-nie-do-poznania-tak-zmienila-swoje-zycie/8kzq3l4,https://img.onet.pl/1/S9Pk9lBaHR0cHM6Ly9vY2RuLmV1L3B1bHNjbXMvTURBXy8yZTlhZDM0N2FmNzg2NDUzZmQ1ZGJhMmYzNTdmZTMzMy5wbmeRkwXNAljNAVDeAAKhMAehMQQ
88,Co Miruć zrobił z 19-metrową kawalerką? O pomoc poprosiła go para,https://kobieta.onet.pl/warto-wiedziec/co-miruc-zrobil-z-19-metrowa-kawalerka-o-pomoc-poprosila-go-para/kcqq97q,https://img.onet.pl/1/XBHk9lBaHR0cHM6Ly9vY2RuLmV1L3B1bHNjbXMvTURBXy85MzJkMzZiNzBlY2I2NWRhNWM2ZDA4MmNlMjQzNzJkZS5wbmeRkwXNAljNAVDeAAKhMAehMQQ
89,Plamy z potu na ubraniach? Jest na nie sposób,https://kobieta.onet.pl/warto-wiedziec/plamy-z-potu-na-ubraniach-jest-na-nie-sposob/6pmjfxn,https://img.onet.pl/1/D96k9lBaHR0cHM6Ly9vY2RuLmV1L3B1bHNjbXMvTURBXy9iYjA0YjFiNjM2YzM3NmYxYTdkZjFmNGM0OWFmYzA2ZS5wbmeRkwXNAljNAVDeAAKhMAehMQQ
90,"Ks. Główczyński wspomina udział w ""The Traitors. Zdrajcy"". ""Wielu księży to oglądało""",https://facet.onet.pl/warto-wiedziec/ks-glowczynski-wspomina-udzial-w-the-traitros-zdrajcy-wielu-ksiezy-to-ogladalo/trthsy4,https://img.onet.pl/1/Qenk9lBaHR0cHM6Ly9vY2RuLmV1L3B1bHNjbXMvTURBXy84YTA0M2YxNDkxYjgwZTkyMDYyZjM4YmQyOWJkOWY5YS5wbmeSlQPNAXoAzQWUzQMjkwXNAljNAVDeAAKhMAehMQQ
91,"Epidemia korepetycji w Polsce. ""Rodzice sami napędzają ten mechanizm""",https://kobieta.onet.pl/wiadomosci/te-dwie-kompetencje-beda-wazne-dla-twojego-dziecka-w-starciu-z-ai/dzeyskz,https://img.onet.pl/1/_h0k9lBaHR0cHM6Ly9vY2RuLmV1L3B1bHNjbXMvTURBXy80Y2Q1NGFkYzM3OGRkZmE4YzEyYjlmZjk2YzljMGQwYy5qcGeRkwXMvnbeAAKhMAehMQQ
92,"O tym meczu Sabalenki będzie głośno. Niebywałe, czego dokonała",https://przegladsportowy.onet.pl/tenis/26-04-az-sie-nie-chce-wierzyc-co-potem-zrobila-aryna-sabalenka/jyk2fl9,https://img.onet.pl/1/wk9k9lBaHR0cHM6Ly9vY2RuLmV1L3B1bHNjbXMvTURBXy81YjY1MzQ0OGE0NmU2OTc5ZmJlMTRlY2I4NmRmNmZkNC5qcGeTlQMAzPPND8PNCOaTBc0E2M0CNJUH2TIvcHVsc2Ntcy9NREFfLzI3NGMxZDY0NjcwODJjM2U2ZGZlOWQwOWY0YTZkZjZiLnBuZwDCAN4AAqEwB6ExBA
93,Marta Nawrocka na gali AgroLiga 2025. Ekspertka: ten strój bredzi,"https://www.onet.pl/styl-zycia/plejada/ekspertka-ocenila-stylizacje-marty-nawrockiej-zwraca-uwage-na-niedociagniecia/kly8d0y,0898b825",https://img.onet.pl/1/xQ3k9lGaHR0cHM6Ly9vY2RuLmV1L3B1bHNjbXMvTURBXy8zZjI0N2E1MS0yZjY5LTQzYWQtYjRjOC1jMDEwZWU1MzdhNDMuanBlZ5KVAwDNAvHNEb7NCfuTBc0CWM0BUN4AAqEwB6ExBA
94,Głosowanie w sprawie immunitetu Ziobry. Posłowie zdecydowali,https://wiadomosci.onet.pl/kraj/immunitet-zbigniewa-ziobry-sejm-podjal-decyzje/5felf4v,https://img.onet.pl/1/k6Kk9lBaHR0cHM6Ly9vY2RuLmV1L3B1bHNjbXMvTURBXy83NDZkYzQ5ZDEzZmU2MGUzZjgzMDMxMjNmYzFhY2RlYS5wbmeSlQMAAM0HgM0EOJMFzQJYzQFQ3gACoTAHoTEE
95,Trzy miesiące od śmierci Majtyki. Są kompletne wyniki sekcji zwłok,"https://www.onet.pl/styl-zycia/plejada/magdalena-majtyka-zmarla-trzy-miesiace-temu-wlasnie-pojawily-sie-kolejne-informacje/0nd9tgf,0898b825",https://img.onet.pl/1/Kw8k9lBaHR0cHM6Ly9vY2RuLmV1L3B1bHNjbXMvTURBXy8wNzlhODUxOTA2MTkyOGMwMjAyMGYxMzMwYmU4ODRhMC5qcGeSlQPMshbNAv_NAa-TBc0CWM0BUN4AAqEwB6ExBA
96,"Kapitan Lisowski o ataku na Moskwę. ""Teraz Rosjanie zrozumieją""",https://www.fakt.pl/polityka/atak-ukrainy-na-moskwe-wojskowy-wskazal-slaby-punkt-rosji/n2pl0j8,https://img.onet.pl/1/q15k9lGaHR0cHM6Ly9vY2RuLmV1L3B1bHNjbXMvTURBXy82ZWJkYmU0ZS04MDEzLTQyZjctODIyYi00ODQ1YWQ1MjRiNGIuanBlZ5KVA80BKyTNBtTNA9iTBc0CWM0BUN4AAqEwB6ExBA
97,Burza po ogłoszeniu w Żabce. Sieć wydała oświadczenie,https://businessinsider.com.pl/biznes/burza-po-ogloszeniu-w-zabce-siec-wydala-oswiadczenie/xgzmqs5,https://img.onet.pl/1/f_pk9lBaHR0cHM6Ly9vY2RuLmV1L3B1bHNjbXMvTURBXy9hZjQzN2Y2NmZmOGJhMWU4NGMxMzE5MTVlNTU4MDRjZC5qcGeRkwXNAljNAVDeAAKhMAehMQQ
98,"Pugaczowa świętuje urodziny młodszego o 27 lat męża. ""Ukochany""","https://www.onet.pl/styl-zycia/plejada/alla-pugaczowa-swietuje-urodziny-mlodszego-o-27-lat-meza-ukochany/flt1rpy,0898b825",https://img.onet.pl/1/yq1k9lBaHR0cHM6Ly9vY2RuLmV1L3B1bHNjbXMvTURBXy80ZjU5NWYzMThlN2I4ZTJlYTE0M2RmMzQ1ZGZmMmIwMi5qcGeSlQMAzQF4zQjfzQT8kwXNAljNAVDeAAKhMAehMQQ
99,"Świątek zamieściła komunikat. ""Docierają do mnie informacje""",https://przegladsportowy.onet.pl/ofsajd/iga-swiatek-ostrzega-to-oszustwo-zwrocila-sie-z-pilnym-apelem/srhe2sb,https://img.onet.pl/1/jExk9lBaHR0cHM6Ly9vY2RuLmV1L3B1bHNjbXMvTURBXy85MmJmMjQzN2NkNzliNjFkOGVmZjA0NjRjMjQ4YTdlMy5qcGeTlQPNBBrMzM0Pb80IspMFzQTYzQI0lQfZMi9wdWxzY21zL01EQV8vMjc0YzFkNjQ2NzA4MmMzZTZkZmU5ZDA5ZjRhNmRmNmIucG5nAMIA3gACoTAHoTEE
100,"Zbigniew Bogucki grzmiał w Sejmie. ""Patologia""",https://wiadomosci.onet.pl/kraj/afera-szpitalna-czlowiek-prezydenta-zwrocil-sie-do-donalda-tuska-patologia/4bmt2ce,https://img.onet.pl/1/5kgk9lBaHR0cHM6Ly9vY2RuLmV1L3B1bHNjbXMvTURBXy85NWIzOGQzNWU2ZTE2OThlMmQ3MjJhNDdiZGI0MWRlYi5qcGeSlQMAPs0H0M0EZZMFzQJYzQFQ3gACoTAHoTEE
101,Nadciąga starcie o miliardy. Trump wskazuje winnych w szeregach NATO,https://wiadomosci.onet.pl/swiat/nadciaga-starcie-o-miliardy-trump-wskazuje-winnych-w-szeregach-nato/55sb2rq,https://img.onet.pl/1/je3k9lBaHR0cHM6Ly9vY2RuLmV1L3B1bHNjbXMvTURBXy82MGY4YjM2ZGU1N2NiMTJiY2IyODc3M2Y4ZjcyZTExYS5qcGeSlQPNBMfNAfvNF-PNDXmTBc0CWM0BUN4AAqEwB6ExBA
102,"Mobilizacja w Polsce. Kto trafi do wojska, a kto do OC",https://businessinsider.com.pl/wiadomosci/rezerwisci-kluczowi-dla-obrony-polski-wojsko-szykuje-nowy-system-mobilizacji/26c0cez,https://img.onet.pl/1/Ba0k9lBaHR0cHM6Ly9vY2RuLmV1L3B1bHNjbXMvTURBXy9jYjdlMThhMjdiNDdlODIwMDFjZGFhMTIyYzM5YmYwNi5qcGeSlQMAPs0H0M0EZZMFzQJYzQFQ3gACoTAHoTEE
103,Samsung QD-OLED w doskonałej promocji,https://www.komputerswiat.pl/audio-i-video/telewizory/wyjatkowo-oplacalny-oled-stanial-o-500-zl-promocja-z-jednym-haczykiem/d0v2khy,https://img.onet.pl/1/l4Ik9lBaHR0cHM6Ly9vY2RuLmV1L3B1bHNjbXMvTURBXy8xYzBkODAwZTNhMmNlMjM1YTJjNDgyY2YxY2NiM2FlNy5qcGeRkwXMvnbeAAKhMAehMQQ
